scenario,path_id,V_T
stay_ecuador_6m,0,5.301647060528256
stay_ecuador_6m,1,2.8444437246379515
stay_ecuador_6m,2,3.7580438596425303
stay_ecuador_6m,3,3.3526458831603083
stay_ecuador_6m,4,8.49899297863901
stay_ecuador_6m,5,6.213982720853572
stay_ecuador_6m,6,5.170356214607688
stay_ecuador_6m,7,5.825292014019011
stay_ecuador_6m,8,5.9594114686350625
stay_ecuador_6m,9,4.528944217911081
stay_ecuador_6m,10,5.50324959705934
stay_ecuador_6m,11,3.4749217051179926
stay_ecuador_6m,12,5.900763770492036
stay_ecuador_6m,13,4.054749760224565
stay_ecuador_6m,14,3.9939032926032016
stay_ecuador_6m,15,5.718745325246214
stay_ecuador_6m,16,3.181173798227727
stay_ecuador_6m,17,4.800919275155552
stay_ecuador_6m,18,4.64038550358565
stay_ecuador_6m,19,9.169514130408574
stay_ecuador_6m,20,4.754337091303742
stay_ecuador_6m,21,6.017363788301953
stay_ecuador_6m,22,4.429333009428815
stay_ecuador_6m,23,4.387207532670748
stay_ecuador_6m,24,4.36600572915898
stay_ecuador_6m,25,6.7241149626698755
stay_ecuador_6m,26,5.592539136029183
stay_ecuador_6m,27,3.875322537738136
stay_ecuador_6m,28,3.287121073125034
stay_ecuador_6m,29,4.801290118365865
stay_ecuador_6m,30,9.198503074504238
stay_ecuador_6m,31,4.47556316979382
stay_ecuador_6m,32,6.443443093605531
stay_ecuador_6m,33,7.041582763082299
stay_ecuador_6m,34,4.88552984363716
stay_ecuador_6m,35,3.918091099804853
stay_ecuador_6m,36,3.5871348837651977
stay_ecuador_6m,37,5.588458723784339
stay_ecuador_6m,38,5.736195985191245
stay_ecuador_6m,39,6.226292581605659
stay_ecuador_6m,40,4.750861050161676
stay_ecuador_6m,41,6.483523588796631
stay_ecuador_6m,42,4.563920010725295
stay_ecuador_6m,43,4.625863260135748
stay_ecuador_6m,44,6.4977171039089185
stay_ecuador_6m,45,8.52148634587575
stay_ecuador_6m,46,7.215472589071172
stay_ecuador_6m,47,9.007769824056508
stay_ecuador_6m,48,6.037723157325292
stay_ecuador_6m,49,3.7423797181152345
stay_ecuador_6m,50,4.768639590021826
stay_ecuador_6m,51,5.070701638445737
stay_ecuador_6m,52,3.5398069611818777
stay_ecuador_6m,53,5.574651983997651
stay_ecuador_6m,54,3.4483826411714773
stay_ecuador_6m,55,6.440165627904272
stay_ecuador_6m,56,3.233026224097741
stay_ecuador_6m,57,6.49306585002441
stay_ecuador_6m,58,3.105377394563924
stay_ecuador_6m,59,4.864277824023232
stay_ecuador_6m,60,2.968808217194838
stay_ecuador_6m,61,4.413619877962782
stay_ecuador_6m,62,6.834882933884233
stay_ecuador_6m,63,6.502193254332839
stay_ecuador_6m,64,5.958007970472381
stay_ecuador_6m,65,3.6520503501552013
stay_ecuador_6m,66,4.664883517123739
stay_ecuador_6m,67,9.092635291266475
stay_ecuador_6m,68,6.129717603665376
stay_ecuador_6m,69,2.6939996360116214
stay_ecuador_6m,70,4.104511611504392
stay_ecuador_6m,71,5.092092007422106
stay_ecuador_6m,72,4.500925925355884
stay_ecuador_6m,73,6.187764722987338
stay_ecuador_6m,74,3.7167304557223173
stay_ecuador_6m,75,4.839661242071968
stay_ecuador_6m,76,5.901570995031943
stay_ecuador_6m,77,4.801016184673016
stay_ecuador_6m,78,4.207869547523716
stay_ecuador_6m,79,6.096488653118058
stay_ecuador_6m,80,4.531959216038723
stay_ecuador_6m,81,9.516018678155364
stay_ecuador_6m,82,3.513629105376671
stay_ecuador_6m,83,4.439039159120923
stay_ecuador_6m,84,4.183266211205999
stay_ecuador_6m,85,6.1564222914381785
stay_ecuador_6m,86,4.513692695542823
stay_ecuador_6m,87,4.473951999129657
stay_ecuador_6m,88,6.259813198200213
stay_ecuador_6m,89,4.812955216978581
stay_ecuador_6m,90,7.881966346521004
stay_ecuador_6m,91,2.47173241184687
stay_ecuador_6m,92,4.989088993273271
stay_ecuador_6m,93,3.7100893500072094
stay_ecuador_6m,94,4.995889384459129
stay_ecuador_6m,95,3.3675257535343754
stay_ecuador_6m,96,3.9374586604143724
stay_ecuador_6m,97,4.537659808286192
stay_ecuador_6m,98,5.313627553063587
stay_ecuador_6m,99,3.1151763811676707
stay_ecuador_6m,100,4.379263585371507
stay_ecuador_6m,101,3.1100345252943584
stay_ecuador_6m,102,6.35450163524851
stay_ecuador_6m,103,3.0681155279683576
stay_ecuador_6m,104,7.0361356677852545
stay_ecuador_6m,105,6.09637775626949
stay_ecuador_6m,106,8.054368456714803
stay_ecuador_6m,107,6.670862284368489
stay_ecuador_6m,108,2.82495971528833
stay_ecuador_6m,109,8.000213626845376
stay_ecuador_6m,110,4.367322239148512
stay_ecuador_6m,111,5.374114987696768
stay_ecuador_6m,112,5.472873393938136
stay_ecuador_6m,113,4.027578823823051
stay_ecuador_6m,114,4.921684035525192
stay_ecuador_6m,115,3.5797777216257542
stay_ecuador_6m,116,4.571984331164173
stay_ecuador_6m,117,5.550411446018132
stay_ecuador_6m,118,6.146901581732417
stay_ecuador_6m,119,4.582110843774974
stay_ecuador_6m,120,5.265201945855879
stay_ecuador_6m,121,6.682410361799372
stay_ecuador_6m,122,4.282139411955494
stay_ecuador_6m,123,4.984466288353759
stay_ecuador_6m,124,7.7761622939478965
stay_ecuador_6m,125,4.858119356714035
stay_ecuador_6m,126,4.581852781009034
stay_ecuador_6m,127,6.5528896941100525
stay_ecuador_6m,128,6.800623799572694
stay_ecuador_6m,129,3.6733613029921934
stay_ecuador_6m,130,4.907290863704478
stay_ecuador_6m,131,4.2546141323396185
stay_ecuador_6m,132,4.951177872121792
stay_ecuador_6m,133,4.763792728033467
stay_ecuador_6m,134,4.797982650440297
stay_ecuador_6m,135,4.381676765237237
stay_ecuador_6m,136,3.047902801647113
stay_ecuador_6m,137,5.227358931958186
stay_ecuador_6m,138,3.3269047094800177
stay_ecuador_6m,139,6.8260806705156885
stay_ecuador_6m,140,5.994351856723087
stay_ecuador_6m,141,4.609210051047028
stay_ecuador_6m,142,4.33846954461187
stay_ecuador_6m,143,3.4929786322841094
stay_ecuador_6m,144,3.3258539661670956
stay_ecuador_6m,145,5.346763745660844
stay_ecuador_6m,146,7.285437407868475
stay_ecuador_6m,147,4.250593707475697
stay_ecuador_6m,148,6.067630407732036
stay_ecuador_6m,149,4.523315237959171
stay_ecuador_6m,150,4.628655480890837
stay_ecuador_6m,151,8.080490847747047
stay_ecuador_6m,152,3.185825103591007
stay_ecuador_6m,153,3.669125636289497
stay_ecuador_6m,154,9.716929610881627
stay_ecuador_6m,155,5.131831926759627
stay_ecuador_6m,156,5.651204415535175
stay_ecuador_6m,157,8.012840359422249
stay_ecuador_6m,158,6.29303145316175
stay_ecuador_6m,159,5.119601416120883
stay_ecuador_6m,160,7.070142268605164
stay_ecuador_6m,161,5.869181524463764
stay_ecuador_6m,162,3.5832153697315015
stay_ecuador_6m,163,5.6606969728431284
stay_ecuador_6m,164,4.445282339083602
stay_ecuador_6m,165,4.390912035775836
stay_ecuador_6m,166,5.45003172617489
stay_ecuador_6m,167,4.208852953036048
stay_ecuador_6m,168,5.576273622751272
stay_ecuador_6m,169,6.7600367884744115
stay_ecuador_6m,170,2.7880077904571405
stay_ecuador_6m,171,5.458668558038557
stay_ecuador_6m,172,3.388176088235954
stay_ecuador_6m,173,5.535151087399268
stay_ecuador_6m,174,7.339950447803256
stay_ecuador_6m,175,3.73790952446271
stay_ecuador_6m,176,5.335485331617783
stay_ecuador_6m,177,4.333322403346762
stay_ecuador_6m,178,5.254839887144858
stay_ecuador_6m,179,4.98079959503298
stay_ecuador_6m,180,3.2827342736897203
stay_ecuador_6m,181,3.570252565724506
stay_ecuador_6m,182,6.7904933993322745
stay_ecuador_6m,183,4.352114718327156
stay_ecuador_6m,184,3.853374742348577
stay_ecuador_6m,185,4.880882181831206
stay_ecuador_6m,186,4.381075017902713
stay_ecuador_6m,187,6.6945519208302775
stay_ecuador_6m,188,4.555441083445629
stay_ecuador_6m,189,5.473100489763147
stay_ecuador_6m,190,6.439179850958808
stay_ecuador_6m,191,8.2134986247933
stay_ecuador_6m,192,10.931513590965022
stay_ecuador_6m,193,3.4567157355027263
stay_ecuador_6m,194,4.267087393624442
stay_ecuador_6m,195,5.042564465998985
stay_ecuador_6m,196,5.198841117287522
stay_ecuador_6m,197,3.7346142746879836
stay_ecuador_6m,198,4.06463016310719
stay_ecuador_6m,199,5.07394940665126
stay_ecuador_6m,200,6.62924117473099
stay_ecuador_6m,201,7.105071138432981
stay_ecuador_6m,202,6.290200020430892
stay_ecuador_6m,203,4.478297364122134
stay_ecuador_6m,204,4.922137859469791
stay_ecuador_6m,205,5.206984372984565
stay_ecuador_6m,206,4.768102647092512
stay_ecuador_6m,207,4.668570204244156
stay_ecuador_6m,208,5.996518129645452
stay_ecuador_6m,209,8.651266207255116
stay_ecuador_6m,210,4.336061216330499
stay_ecuador_6m,211,6.24213793338555
stay_ecuador_6m,212,4.921718393145191
stay_ecuador_6m,213,6.375574713834778
stay_ecuador_6m,214,4.085003270743269
stay_ecuador_6m,215,5.099426599804642
stay_ecuador_6m,216,5.824225903577948
stay_ecuador_6m,217,4.968188997447531
stay_ecuador_6m,218,3.432999379822133
stay_ecuador_6m,219,5.793091141624504
stay_ecuador_6m,220,2.945184560233962
stay_ecuador_6m,221,2.8029967376794307
stay_ecuador_6m,222,3.922106571077767
stay_ecuador_6m,223,9.363233646002039
stay_ecuador_6m,224,3.9810364706193084
stay_ecuador_6m,225,6.9766906164346
stay_ecuador_6m,226,3.258741045212398
stay_ecuador_6m,227,7.250233434144348
stay_ecuador_6m,228,4.27690168775684
stay_ecuador_6m,229,4.810264626668827
stay_ecuador_6m,230,3.67561589343528
stay_ecuador_6m,231,5.9346185214672795
stay_ecuador_6m,232,4.733895891521434
stay_ecuador_6m,233,4.674851277297106
stay_ecuador_6m,234,3.7756917143836506
stay_ecuador_6m,235,4.2580990798838165
stay_ecuador_6m,236,6.020591505715368
stay_ecuador_6m,237,3.7283997469350654
stay_ecuador_6m,238,2.3442723766616322
stay_ecuador_6m,239,5.404697325324522
stay_ecuador_6m,240,4.122632159570631
stay_ecuador_6m,241,4.294213063311132
stay_ecuador_6m,242,7.043464644228166
stay_ecuador_6m,243,7.744241156835377
stay_ecuador_6m,244,5.683719516814855
stay_ecuador_6m,245,4.2158949782848305
stay_ecuador_6m,246,4.456352493320276
stay_ecuador_6m,247,7.222086249009041
stay_ecuador_6m,248,6.416470196223872
stay_ecuador_6m,249,7.917868875271108
stay_ecuador_6m,250,4.332877927297482
stay_ecuador_6m,251,6.711952480709809
stay_ecuador_6m,252,4.108425560860263
stay_ecuador_6m,253,4.5470156178664745
stay_ecuador_6m,254,5.108302548700264
stay_ecuador_6m,255,4.841830872242259
stay_ecuador_6m,256,6.719012334108199
stay_ecuador_6m,257,5.932892415623639
stay_ecuador_6m,258,5.101557600047114
stay_ecuador_6m,259,5.414081348662793
stay_ecuador_6m,260,3.6810666026957533
stay_ecuador_6m,261,7.079042657762687
stay_ecuador_6m,262,5.626312173457818
stay_ecuador_6m,263,5.49014365577702
stay_ecuador_6m,264,5.88297918510395
stay_ecuador_6m,265,6.905660585803391
stay_ecuador_6m,266,4.059113786153722
stay_ecuador_6m,267,4.388475098474702
stay_ecuador_6m,268,2.74903370874476
stay_ecuador_6m,269,5.151493255786957
stay_ecuador_6m,270,4.804803277794896
stay_ecuador_6m,271,5.935808419242604
stay_ecuador_6m,272,2.5481541468777578
stay_ecuador_6m,273,9.20677638739521
stay_ecuador_6m,274,4.13296925569336
stay_ecuador_6m,275,4.2108690686924355
stay_ecuador_6m,276,6.425429900361195
stay_ecuador_6m,277,5.452311235915383
stay_ecuador_6m,278,4.083023534012241
stay_ecuador_6m,279,4.865032192200161
stay_ecuador_6m,280,3.7089214762896145
stay_ecuador_6m,281,4.277319083506563
stay_ecuador_6m,282,6.78800457357122
stay_ecuador_6m,283,6.628125904089416
stay_ecuador_6m,284,3.9185460764929894
stay_ecuador_6m,285,7.532226815268683
stay_ecuador_6m,286,5.375886150410261
stay_ecuador_6m,287,5.514815863409539
stay_ecuador_6m,288,6.471616093178098
stay_ecuador_6m,289,6.120606523317619
stay_ecuador_6m,290,4.643293363942915
stay_ecuador_6m,291,3.0546022748219204
stay_ecuador_6m,292,6.668536299578147
stay_ecuador_6m,293,5.863339440386346
stay_ecuador_6m,294,5.910879699530001
stay_ecuador_6m,295,4.174524678238518
stay_ecuador_6m,296,4.921445973627759
stay_ecuador_6m,297,4.367792204134848
stay_ecuador_6m,298,3.8995841877712
stay_ecuador_6m,299,4.419174345439411
stay_ecuador_6m,300,4.302684235344388
stay_ecuador_6m,301,5.309086881852688
stay_ecuador_6m,302,4.330480874524581
stay_ecuador_6m,303,4.481779198391996
stay_ecuador_6m,304,4.566072418926438
stay_ecuador_6m,305,5.249070204836115
stay_ecuador_6m,306,4.404183516731529
stay_ecuador_6m,307,7.022318447829925
stay_ecuador_6m,308,6.03280236452703
stay_ecuador_6m,309,6.766467213726218
stay_ecuador_6m,310,3.2841585349377413
stay_ecuador_6m,311,5.803762879918367
stay_ecuador_6m,312,3.1319685462028195
stay_ecuador_6m,313,7.8752595365215186
stay_ecuador_6m,314,6.4950769675704
stay_ecuador_6m,315,5.953915531447106
stay_ecuador_6m,316,3.295446593388237
stay_ecuador_6m,317,5.446339379571336
stay_ecuador_6m,318,6.427353712203711
stay_ecuador_6m,319,4.483036933421592
stay_ecuador_6m,320,6.686604571293251
stay_ecuador_6m,321,3.1892079553422956
stay_ecuador_6m,322,4.693224329009414
stay_ecuador_6m,323,7.0222610170238235
stay_ecuador_6m,324,7.329649799047158
stay_ecuador_6m,325,4.442451237461623
stay_ecuador_6m,326,5.975889544688474
stay_ecuador_6m,327,5.1819406103565555
stay_ecuador_6m,328,5.488819004146394
stay_ecuador_6m,329,3.6091183668739615
stay_ecuador_6m,330,8.103279094478527
stay_ecuador_6m,331,4.846062154787533
stay_ecuador_6m,332,6.052693745453831
stay_ecuador_6m,333,3.994262017962118
stay_ecuador_6m,334,7.013574075226685
stay_ecuador_6m,335,3.5002679992082464
stay_ecuador_6m,336,3.6491080911325753
stay_ecuador_6m,337,5.4577308591442355
stay_ecuador_6m,338,3.888927211923987
stay_ecuador_6m,339,4.349735493552981
stay_ecuador_6m,340,5.571449194618073
stay_ecuador_6m,341,5.00872269107404
stay_ecuador_6m,342,7.365061651840224
stay_ecuador_6m,343,7.127075202008058
stay_ecuador_6m,344,5.038266719803571
stay_ecuador_6m,345,4.420006339016568
stay_ecuador_6m,346,7.169205937570595
stay_ecuador_6m,347,4.791319621538323
stay_ecuador_6m,348,2.837361823612712
stay_ecuador_6m,349,4.396320775532666
stay_ecuador_6m,350,5.848347329847407
stay_ecuador_6m,351,8.769264096807014
stay_ecuador_6m,352,6.535383338216746
stay_ecuador_6m,353,3.7156465108253136
stay_ecuador_6m,354,4.987563501434664
stay_ecuador_6m,355,7.009847808850543
stay_ecuador_6m,356,6.9011670804888885
stay_ecuador_6m,357,4.578024147497447
stay_ecuador_6m,358,5.634153873585372
stay_ecuador_6m,359,7.3719315995814085
stay_ecuador_6m,360,3.0225103891211393
stay_ecuador_6m,361,4.7856834054023745
stay_ecuador_6m,362,5.894107781425664
stay_ecuador_6m,363,3.4038897912220256
stay_ecuador_6m,364,6.757531196952088
stay_ecuador_6m,365,8.54562245324075
stay_ecuador_6m,366,2.856937506259064
stay_ecuador_6m,367,4.927503399709343
stay_ecuador_6m,368,5.073842796230964
stay_ecuador_6m,369,3.3670819401962597
stay_ecuador_6m,370,3.9782788258102935
stay_ecuador_6m,371,8.436245072004704
stay_ecuador_6m,372,5.521076625466045
stay_ecuador_6m,373,9.64586526577442
stay_ecuador_6m,374,4.841094913853183
stay_ecuador_6m,375,8.621050956034853
stay_ecuador_6m,376,3.731034952482076
stay_ecuador_6m,377,5.975700904163208
stay_ecuador_6m,378,4.455339479830519
stay_ecuador_6m,379,6.346199322640583
stay_ecuador_6m,380,4.773233388482999
stay_ecuador_6m,381,3.8119199512203124
stay_ecuador_6m,382,9.949999982215822
stay_ecuador_6m,383,3.300186602138514
stay_ecuador_6m,384,6.931287455255655
stay_ecuador_6m,385,7.254421921713552
stay_ecuador_6m,386,4.083669305412873
stay_ecuador_6m,387,5.798553711545591
stay_ecuador_6m,388,7.7554391828144045
stay_ecuador_6m,389,3.277120023083576
stay_ecuador_6m,390,3.429859137601687
stay_ecuador_6m,391,4.082285680648466
stay_ecuador_6m,392,6.48111250729562
stay_ecuador_6m,393,4.858451669380821
stay_ecuador_6m,394,6.337850112480242
stay_ecuador_6m,395,4.563492724750887
stay_ecuador_6m,396,4.659032586080447
stay_ecuador_6m,397,3.8288234820644056
stay_ecuador_6m,398,2.6387152642156484
stay_ecuador_6m,399,5.967653069098908
stay_ecuador_6m,400,5.09317156725635
stay_ecuador_6m,401,4.314074936786736
stay_ecuador_6m,402,5.622072905369063
stay_ecuador_6m,403,4.325290367959023
stay_ecuador_6m,404,8.555455899905756
stay_ecuador_6m,405,5.388070966248041
stay_ecuador_6m,406,4.1275893912088915
stay_ecuador_6m,407,5.059114428264724
stay_ecuador_6m,408,6.6204955924892515
stay_ecuador_6m,409,5.481086430444024
stay_ecuador_6m,410,4.042555238648615
stay_ecuador_6m,411,6.6545887202281175
stay_ecuador_6m,412,3.890194601101797
stay_ecuador_6m,413,4.989318724933726
stay_ecuador_6m,414,5.528408386502323
stay_ecuador_6m,415,11.105530530951736
stay_ecuador_6m,416,7.297653599784139
stay_ecuador_6m,417,4.091517046229416
stay_ecuador_6m,418,4.831952877076321
stay_ecuador_6m,419,6.821051126585201
stay_ecuador_6m,420,5.01712065192069
stay_ecuador_6m,421,3.685746122759856
stay_ecuador_6m,422,2.7634497206697355
stay_ecuador_6m,423,5.345630763490558
stay_ecuador_6m,424,4.939872666628195
stay_ecuador_6m,425,5.223456167762263
stay_ecuador_6m,426,5.388525929252455
stay_ecuador_6m,427,4.718966329569033
stay_ecuador_6m,428,7.2102329155265945
stay_ecuador_6m,429,5.478373646688071
stay_ecuador_6m,430,5.412328092366167
stay_ecuador_6m,431,5.535208412168488
stay_ecuador_6m,432,5.042208165555053
stay_ecuador_6m,433,6.080630865963154
stay_ecuador_6m,434,3.899917690419004
stay_ecuador_6m,435,5.163438918084411
stay_ecuador_6m,436,3.014338147217488
stay_ecuador_6m,437,5.722921641485647
stay_ecuador_6m,438,3.7818893182077247
stay_ecuador_6m,439,8.44850350717569
stay_ecuador_6m,440,5.232155687244016
stay_ecuador_6m,441,4.088278778006531
stay_ecuador_6m,442,5.5691402560597245
stay_ecuador_6m,443,3.744573730771706
stay_ecuador_6m,444,5.546503123257005
stay_ecuador_6m,445,5.1790571650082775
stay_ecuador_6m,446,3.5119025096304677
stay_ecuador_6m,447,4.599582214959053
stay_ecuador_6m,448,2.367375184713826
stay_ecuador_6m,449,5.977675105450674
stay_ecuador_6m,450,5.163011955438775
stay_ecuador_6m,451,7.575253588718236
stay_ecuador_6m,452,5.377915904637325
stay_ecuador_6m,453,5.497599715084442
stay_ecuador_6m,454,4.8045804265597605
stay_ecuador_6m,455,4.7240511638050835
stay_ecuador_6m,456,7.015801591939491
stay_ecuador_6m,457,3.4583154342885316
stay_ecuador_6m,458,6.6999038864560285
stay_ecuador_6m,459,3.948351130075607
stay_ecuador_6m,460,6.60898409515493
stay_ecuador_6m,461,6.793414361144479
stay_ecuador_6m,462,3.330625825271438
stay_ecuador_6m,463,5.110124226390716
stay_ecuador_6m,464,5.128845815548703
stay_ecuador_6m,465,6.285934752609906
stay_ecuador_6m,466,4.939354773766076
stay_ecuador_6m,467,6.4503657601044395
stay_ecuador_6m,468,8.390026356633744
stay_ecuador_6m,469,7.147104495496441
stay_ecuador_6m,470,3.006291444191499
stay_ecuador_6m,471,7.836080201137633
stay_ecuador_6m,472,5.106722913501732
stay_ecuador_6m,473,5.456946413660272
stay_ecuador_6m,474,5.141195125849157
stay_ecuador_6m,475,5.815369774917268
stay_ecuador_6m,476,6.048620694493388
stay_ecuador_6m,477,5.13910373641394
stay_ecuador_6m,478,4.3973213957554504
stay_ecuador_6m,479,5.179946241024308
stay_ecuador_6m,480,5.734380663007856
stay_ecuador_6m,481,7.770772707596482
stay_ecuador_6m,482,6.908784982235317
stay_ecuador_6m,483,4.559537869178303
stay_ecuador_6m,484,6.148801153582049
stay_ecuador_6m,485,7.269685622496752
stay_ecuador_6m,486,4.266322387321076
stay_ecuador_6m,487,4.681197551049863
stay_ecuador_6m,488,3.827280014671937
stay_ecuador_6m,489,6.498539939219129
stay_ecuador_6m,490,5.424126570443489
stay_ecuador_6m,491,7.930756594001506
stay_ecuador_6m,492,4.939102072179009
stay_ecuador_6m,493,3.218453115170546
stay_ecuador_6m,494,3.6440431592417397
stay_ecuador_6m,495,5.585067842731111
stay_ecuador_6m,496,2.9534508681212337
stay_ecuador_6m,497,3.0160687218451256
stay_ecuador_6m,498,4.976531234855781
stay_ecuador_6m,499,4.600949274547026
ecuador_2m_then_brazil_4m,0,8.573454220626735
ecuador_2m_then_brazil_4m,1,6.68322719247176
ecuador_2m_then_brazil_4m,2,6.504092824927794
ecuador_2m_then_brazil_4m,3,4.011409075858154
ecuador_2m_then_brazil_4m,4,5.876912698526984
ecuador_2m_then_brazil_4m,5,8.517276434276324
ecuador_2m_then_brazil_4m,6,3.5149129976139935
ecuador_2m_then_brazil_4m,7,4.221657543511023
ecuador_2m_then_brazil_4m,8,6.091651028036694
ecuador_2m_then_brazil_4m,9,8.936374916111337
ecuador_2m_then_brazil_4m,10,6.512515600186783
ecuador_2m_then_brazil_4m,11,5.928353854598011
ecuador_2m_then_brazil_4m,12,6.729216416009177
ecuador_2m_then_brazil_4m,13,5.466607763587933
ecuador_2m_then_brazil_4m,14,4.56580700292607
ecuador_2m_then_brazil_4m,15,4.891465775551943
ecuador_2m_then_brazil_4m,16,6.152627162893185
ecuador_2m_then_brazil_4m,17,5.944448475369913
ecuador_2m_then_brazil_4m,18,4.6335498564631665
ecuador_2m_then_brazil_4m,19,6.202653033502857
ecuador_2m_then_brazil_4m,20,4.939485436922403
ecuador_2m_then_brazil_4m,21,3.788022716893439
ecuador_2m_then_brazil_4m,22,5.2656063010849214
ecuador_2m_then_brazil_4m,23,7.732602409689645
ecuador_2m_then_brazil_4m,24,5.798408963274333
ecuador_2m_then_brazil_4m,25,4.611261709728176
ecuador_2m_then_brazil_4m,26,5.271342018619866
ecuador_2m_then_brazil_4m,27,7.346781226401772
ecuador_2m_then_brazil_4m,28,6.556904872829452
ecuador_2m_then_brazil_4m,29,4.930624199675484
ecuador_2m_then_brazil_4m,30,4.581318066011721
ecuador_2m_then_brazil_4m,31,5.5659445429213354
ecuador_2m_then_brazil_4m,32,6.913308042714115
ecuador_2m_then_brazil_4m,33,6.436565726401622
ecuador_2m_then_brazil_4m,34,5.253575092605778
ecuador_2m_then_brazil_4m,35,7.188867872904079
ecuador_2m_then_brazil_4m,36,5.135131046421129
ecuador_2m_then_brazil_4m,37,5.465429235046713
ecuador_2m_then_brazil_4m,38,5.393678901488872
ecuador_2m_then_brazil_4m,39,4.353581295545521
ecuador_2m_then_brazil_4m,40,3.9259400265981887
ecuador_2m_then_brazil_4m,41,3.709902077770732
ecuador_2m_then_brazil_4m,42,5.332639628175667
ecuador_2m_then_brazil_4m,43,8.818299881053562
ecuador_2m_then_brazil_4m,44,5.89174874576334
ecuador_2m_then_brazil_4m,45,4.700913815436587
ecuador_2m_then_brazil_4m,46,4.66636340728238
ecuador_2m_then_brazil_4m,47,4.705709859292746
ecuador_2m_then_brazil_4m,48,5.976407436388355
ecuador_2m_then_brazil_4m,49,3.8728510034123387
ecuador_2m_then_brazil_4m,50,6.125458424865102
ecuador_2m_then_brazil_4m,51,6.270639761743274
ecuador_2m_then_brazil_4m,52,7.03482060171265
ecuador_2m_then_brazil_4m,53,2.293594548830915
ecuador_2m_then_brazil_4m,54,4.601845193296559
ecuador_2m_then_brazil_4m,55,5.297992280762968
ecuador_2m_then_brazil_4m,56,6.529985516408212
ecuador_2m_then_brazil_4m,57,4.935613790515791
ecuador_2m_then_brazil_4m,58,5.450093922580331
ecuador_2m_then_brazil_4m,59,8.0489379652187
ecuador_2m_then_brazil_4m,60,5.2153472172806525
ecuador_2m_then_brazil_4m,61,7.837760026634854
ecuador_2m_then_brazil_4m,62,5.753379738729265
ecuador_2m_then_brazil_4m,63,4.9171165128195735
ecuador_2m_then_brazil_4m,64,6.976558630898909
ecuador_2m_then_brazil_4m,65,6.313551844778254
ecuador_2m_then_brazil_4m,66,6.460053182781437
ecuador_2m_then_brazil_4m,67,4.549036696899058
ecuador_2m_then_brazil_4m,68,6.863364172895838
ecuador_2m_then_brazil_4m,69,7.560702923002878
ecuador_2m_then_brazil_4m,70,4.551814843883525
ecuador_2m_then_brazil_4m,71,7.3868139067723035
ecuador_2m_then_brazil_4m,72,3.4389222130188926
ecuador_2m_then_brazil_4m,73,3.483355695093895
ecuador_2m_then_brazil_4m,74,5.379879792274015
ecuador_2m_then_brazil_4m,75,5.288961511314946
ecuador_2m_then_brazil_4m,76,4.800885129172926
ecuador_2m_then_brazil_4m,77,5.092032710323611
ecuador_2m_then_brazil_4m,78,5.9219691704039255
ecuador_2m_then_brazil_4m,79,4.168415131614758
ecuador_2m_then_brazil_4m,80,6.107858940922996
ecuador_2m_then_brazil_4m,81,5.882265067054348
ecuador_2m_then_brazil_4m,82,4.578512684521613
ecuador_2m_then_brazil_4m,83,5.441195504007498
ecuador_2m_then_brazil_4m,84,4.822721535791566
ecuador_2m_then_brazil_4m,85,5.658269671418505
ecuador_2m_then_brazil_4m,86,4.476635037026268
ecuador_2m_then_brazil_4m,87,4.4131404840974096
ecuador_2m_then_brazil_4m,88,3.9332742662377154
ecuador_2m_then_brazil_4m,89,6.392174323915831
ecuador_2m_then_brazil_4m,90,5.7351602812585005
ecuador_2m_then_brazil_4m,91,5.408987158768689
ecuador_2m_then_brazil_4m,92,4.751911200827205
ecuador_2m_then_brazil_4m,93,5.868354408634182
ecuador_2m_then_brazil_4m,94,6.125055735651928
ecuador_2m_then_brazil_4m,95,4.860700203579131
ecuador_2m_then_brazil_4m,96,4.7443733540164965
ecuador_2m_then_brazil_4m,97,4.556834395090859
ecuador_2m_then_brazil_4m,98,5.0656595530300494
ecuador_2m_then_brazil_4m,99,7.77795305420739
ecuador_2m_then_brazil_4m,100,4.608779501898042
ecuador_2m_then_brazil_4m,101,5.776086853814938
ecuador_2m_then_brazil_4m,102,6.4945360955926965
ecuador_2m_then_brazil_4m,103,5.572658578314382
ecuador_2m_then_brazil_4m,104,7.6130935911942785
ecuador_2m_then_brazil_4m,105,5.0271975456409335
ecuador_2m_then_brazil_4m,106,3.991432291030456
ecuador_2m_then_brazil_4m,107,15.57786731960345
ecuador_2m_then_brazil_4m,108,7.506426000163091
ecuador_2m_then_brazil_4m,109,5.348467750156855
ecuador_2m_then_brazil_4m,110,4.137641829753614
ecuador_2m_then_brazil_4m,111,5.187189579266392
ecuador_2m_then_brazil_4m,112,4.77896415138878
ecuador_2m_then_brazil_4m,113,4.34518985564038
ecuador_2m_then_brazil_4m,114,4.089110064232082
ecuador_2m_then_brazil_4m,115,6.934083689803733
ecuador_2m_then_brazil_4m,116,5.270759384403136
ecuador_2m_then_brazil_4m,117,8.501741284516118
ecuador_2m_then_brazil_4m,118,6.05332631833702
ecuador_2m_then_brazil_4m,119,4.285114627876097
ecuador_2m_then_brazil_4m,120,5.669642673754649
ecuador_2m_then_brazil_4m,121,6.4909453792862495
ecuador_2m_then_brazil_4m,122,4.130041989412393
ecuador_2m_then_brazil_4m,123,5.052681027142462
ecuador_2m_then_brazil_4m,124,6.687066676118708
ecuador_2m_then_brazil_4m,125,5.562469706804195
ecuador_2m_then_brazil_4m,126,4.801484189797695
ecuador_2m_then_brazil_4m,127,3.963469864021357
ecuador_2m_then_brazil_4m,128,4.270610919529515
ecuador_2m_then_brazil_4m,129,6.033435357568147
ecuador_2m_then_brazil_4m,130,5.805798587534618
ecuador_2m_then_brazil_4m,131,3.0551755420289557
ecuador_2m_then_brazil_4m,132,3.4666449272104876
ecuador_2m_then_brazil_4m,133,4.156670325202072
ecuador_2m_then_brazil_4m,134,7.080962367834531
ecuador_2m_then_brazil_4m,135,6.518724425636817
ecuador_2m_then_brazil_4m,136,6.69427335649434
ecuador_2m_then_brazil_4m,137,3.8295849430947273
ecuador_2m_then_brazil_4m,138,6.070543002621247
ecuador_2m_then_brazil_4m,139,4.172513859980051
ecuador_2m_then_brazil_4m,140,6.232978537320404
ecuador_2m_then_brazil_4m,141,6.477774116493691
ecuador_2m_then_brazil_4m,142,5.204934528429882
ecuador_2m_then_brazil_4m,143,4.804354446430297
ecuador_2m_then_brazil_4m,144,5.666743895484624
ecuador_2m_then_brazil_4m,145,10.136942664513239
ecuador_2m_then_brazil_4m,146,8.949523107144108
ecuador_2m_then_brazil_4m,147,3.0256021985151746
ecuador_2m_then_brazil_4m,148,4.712221842362929
ecuador_2m_then_brazil_4m,149,4.588910479163294
ecuador_2m_then_brazil_4m,150,5.462620516471942
ecuador_2m_then_brazil_4m,151,4.924916766455444
ecuador_2m_then_brazil_4m,152,3.199547305354579
ecuador_2m_then_brazil_4m,153,6.142190237533732
ecuador_2m_then_brazil_4m,154,6.698233507731592
ecuador_2m_then_brazil_4m,155,4.61747003450345
ecuador_2m_then_brazil_4m,156,4.447634677741804
ecuador_2m_then_brazil_4m,157,4.451085585803726
ecuador_2m_then_brazil_4m,158,6.070579837611145
ecuador_2m_then_brazil_4m,159,5.375687841505509
ecuador_2m_then_brazil_4m,160,5.772015088195518
ecuador_2m_then_brazil_4m,161,8.432368667517744
ecuador_2m_then_brazil_4m,162,4.682314734705122
ecuador_2m_then_brazil_4m,163,4.155894518319429
ecuador_2m_then_brazil_4m,164,4.812601440298566
ecuador_2m_then_brazil_4m,165,9.522340368903867
ecuador_2m_then_brazil_4m,166,6.177020615642731
ecuador_2m_then_brazil_4m,167,6.7291607545134475
ecuador_2m_then_brazil_4m,168,6.975578711159286
ecuador_2m_then_brazil_4m,169,5.2990941750754486
ecuador_2m_then_brazil_4m,170,5.6103724727962145
ecuador_2m_then_brazil_4m,171,7.270081794665979
ecuador_2m_then_brazil_4m,172,6.3387041670772915
ecuador_2m_then_brazil_4m,173,4.732066095123182
ecuador_2m_then_brazil_4m,174,4.411331120136272
ecuador_2m_then_brazil_4m,175,4.118909637963326
ecuador_2m_then_brazil_4m,176,8.23221419587211
ecuador_2m_then_brazil_4m,177,5.767967478945876
ecuador_2m_then_brazil_4m,178,8.129497011197625
ecuador_2m_then_brazil_4m,179,7.203953481449947
ecuador_2m_then_brazil_4m,180,4.575746838710818
ecuador_2m_then_brazil_4m,181,4.841347089192297
ecuador_2m_then_brazil_4m,182,6.2577660586414305
ecuador_2m_then_brazil_4m,183,4.347610654013503
ecuador_2m_then_brazil_4m,184,5.662149071899078
ecuador_2m_then_brazil_4m,185,5.715648536545296
ecuador_2m_then_brazil_4m,186,4.263005117995036
ecuador_2m_then_brazil_4m,187,6.006216598234293
ecuador_2m_then_brazil_4m,188,6.966620147262539
ecuador_2m_then_brazil_4m,189,8.065603288737991
ecuador_2m_then_brazil_4m,190,6.239706702972679
ecuador_2m_then_brazil_4m,191,5.111715915427147
ecuador_2m_then_brazil_4m,192,8.951578781051216
ecuador_2m_then_brazil_4m,193,4.663069331858861
ecuador_2m_then_brazil_4m,194,9.381859414607687
ecuador_2m_then_brazil_4m,195,4.193645909114174
ecuador_2m_then_brazil_4m,196,4.449435750541034
ecuador_2m_then_brazil_4m,197,5.2967371953985944
ecuador_2m_then_brazil_4m,198,4.533574244037268
ecuador_2m_then_brazil_4m,199,3.723020664935656
ecuador_2m_then_brazil_4m,200,6.072527097012262
ecuador_2m_then_brazil_4m,201,5.659894508640101
ecuador_2m_then_brazil_4m,202,4.665526105941463
ecuador_2m_then_brazil_4m,203,6.135684931458948
ecuador_2m_then_brazil_4m,204,4.420439609213316
ecuador_2m_then_brazil_4m,205,4.334295330379045
ecuador_2m_then_brazil_4m,206,7.044812532601002
ecuador_2m_then_brazil_4m,207,6.005975947088309
ecuador_2m_then_brazil_4m,208,5.567871092888364
ecuador_2m_then_brazil_4m,209,6.509744390549676
ecuador_2m_then_brazil_4m,210,3.945449070415271
ecuador_2m_then_brazil_4m,211,6.976402726860275
ecuador_2m_then_brazil_4m,212,5.242156094327026
ecuador_2m_then_brazil_4m,213,4.945756295296273
ecuador_2m_then_brazil_4m,214,4.559037430000855
ecuador_2m_then_brazil_4m,215,5.170590721922475
ecuador_2m_then_brazil_4m,216,3.1929228526286186
ecuador_2m_then_brazil_4m,217,6.5327454128490245
ecuador_2m_then_brazil_4m,218,5.937649625730172
ecuador_2m_then_brazil_4m,219,4.772985181819897
ecuador_2m_then_brazil_4m,220,6.071993987963781
ecuador_2m_then_brazil_4m,221,4.516202554091294
ecuador_2m_then_brazil_4m,222,4.255258249187993
ecuador_2m_then_brazil_4m,223,3.8775616550395973
ecuador_2m_then_brazil_4m,224,8.588165012458525
ecuador_2m_then_brazil_4m,225,6.908502219945573
ecuador_2m_then_brazil_4m,226,3.047602860501238
ecuador_2m_then_brazil_4m,227,5.364185202292862
ecuador_2m_then_brazil_4m,228,3.9745703337708154
ecuador_2m_then_brazil_4m,229,5.5469794228408045
ecuador_2m_then_brazil_4m,230,5.354730517679502
ecuador_2m_then_brazil_4m,231,6.319532423219297
ecuador_2m_then_brazil_4m,232,5.924777654722843
ecuador_2m_then_brazil_4m,233,11.84109065487212
ecuador_2m_then_brazil_4m,234,4.750388699551601
ecuador_2m_then_brazil_4m,235,5.414524180391777
ecuador_2m_then_brazil_4m,236,4.481779327679009
ecuador_2m_then_brazil_4m,237,5.427245986085408
ecuador_2m_then_brazil_4m,238,5.800611727855451
ecuador_2m_then_brazil_4m,239,3.992437019658938
ecuador_2m_then_brazil_4m,240,3.305788964437957
ecuador_2m_then_brazil_4m,241,4.517035767748615
ecuador_2m_then_brazil_4m,242,5.253107335558553
ecuador_2m_then_brazil_4m,243,4.877150714982079
ecuador_2m_then_brazil_4m,244,7.137601083922873
ecuador_2m_then_brazil_4m,245,5.199273289875807
ecuador_2m_then_brazil_4m,246,4.747106772259341
ecuador_2m_then_brazil_4m,247,6.478614605527663
ecuador_2m_then_brazil_4m,248,3.7578898693780083
ecuador_2m_then_brazil_4m,249,3.878602229567348
ecuador_2m_then_brazil_4m,250,5.806584688100706
ecuador_2m_then_brazil_4m,251,5.1131176075136935
ecuador_2m_then_brazil_4m,252,3.70221286213982
ecuador_2m_then_brazil_4m,253,6.139122895721448
ecuador_2m_then_brazil_4m,254,6.505974277243786
ecuador_2m_then_brazil_4m,255,4.25429055539796
ecuador_2m_then_brazil_4m,256,4.204484612429843
ecuador_2m_then_brazil_4m,257,5.224646788784423
ecuador_2m_then_brazil_4m,258,5.462426232512072
ecuador_2m_then_brazil_4m,259,5.642754184252076
ecuador_2m_then_brazil_4m,260,5.4231583390985945
ecuador_2m_then_brazil_4m,261,5.272355551106846
ecuador_2m_then_brazil_4m,262,3.716782553032203
ecuador_2m_then_brazil_4m,263,7.655743282411288
ecuador_2m_then_brazil_4m,264,5.1926237301476785
ecuador_2m_then_brazil_4m,265,8.820403611739987
ecuador_2m_then_brazil_4m,266,4.078778414409546
ecuador_2m_then_brazil_4m,267,4.313670169502511
ecuador_2m_then_brazil_4m,268,5.609729672491901
ecuador_2m_then_brazil_4m,269,7.06520018265033
ecuador_2m_then_brazil_4m,270,4.704620333051975
ecuador_2m_then_brazil_4m,271,4.201339787853724
ecuador_2m_then_brazil_4m,272,6.3089341400247925
ecuador_2m_then_brazil_4m,273,6.528345446956821
ecuador_2m_then_brazil_4m,274,6.811271627598881
ecuador_2m_then_brazil_4m,275,7.602553695031384
ecuador_2m_then_brazil_4m,276,6.278513866318688
ecuador_2m_then_brazil_4m,277,8.69378293841425
ecuador_2m_then_brazil_4m,278,5.296589982554775
ecuador_2m_then_brazil_4m,279,4.6248530664432534
ecuador_2m_then_brazil_4m,280,3.9505883484537265
ecuador_2m_then_brazil_4m,281,4.138975413758965
ecuador_2m_then_brazil_4m,282,5.873108746434871
ecuador_2m_then_brazil_4m,283,6.8718272890217165
ecuador_2m_then_brazil_4m,284,7.907584276603154
ecuador_2m_then_brazil_4m,285,7.007307309375773
ecuador_2m_then_brazil_4m,286,3.3073569629053243
ecuador_2m_then_brazil_4m,287,3.8167817924845147
ecuador_2m_then_brazil_4m,288,10.341015403387699
ecuador_2m_then_brazil_4m,289,4.722269746452599
ecuador_2m_then_brazil_4m,290,8.843968356286215
ecuador_2m_then_brazil_4m,291,5.687431242422637
ecuador_2m_then_brazil_4m,292,5.434930228414041
ecuador_2m_then_brazil_4m,293,8.326040074556712
ecuador_2m_then_brazil_4m,294,8.611242156306256
ecuador_2m_then_brazil_4m,295,4.308632376868374
ecuador_2m_then_brazil_4m,296,6.279298287314949
ecuador_2m_then_brazil_4m,297,7.131340475555805
ecuador_2m_then_brazil_4m,298,6.461724930340558
ecuador_2m_then_brazil_4m,299,4.145349259762818
ecuador_2m_then_brazil_4m,300,3.7677319314966007
ecuador_2m_then_brazil_4m,301,6.069450204856642
ecuador_2m_then_brazil_4m,302,6.093036552812376
ecuador_2m_then_brazil_4m,303,5.645484003117211
ecuador_2m_then_brazil_4m,304,8.00750900198019
ecuador_2m_then_brazil_4m,305,5.491495916039181
ecuador_2m_then_brazil_4m,306,4.888600038705404
ecuador_2m_then_brazil_4m,307,4.210929954409746
ecuador_2m_then_brazil_4m,308,5.272362783463403
ecuador_2m_then_brazil_4m,309,7.287464271279138
ecuador_2m_then_brazil_4m,310,3.6874639382534213
ecuador_2m_then_brazil_4m,311,5.351978824294065
ecuador_2m_then_brazil_4m,312,3.7176956093569964
ecuador_2m_then_brazil_4m,313,4.1001455471022625
ecuador_2m_then_brazil_4m,314,4.671863652019478
ecuador_2m_then_brazil_4m,315,8.133146111135144
ecuador_2m_then_brazil_4m,316,5.837045455284164
ecuador_2m_then_brazil_4m,317,4.0263638138204385
ecuador_2m_then_brazil_4m,318,4.096837083976342
ecuador_2m_then_brazil_4m,319,4.836788195928962
ecuador_2m_then_brazil_4m,320,4.212156528307527
ecuador_2m_then_brazil_4m,321,4.237384287637618
ecuador_2m_then_brazil_4m,322,6.766753042668284
ecuador_2m_then_brazil_4m,323,6.286238833635237
ecuador_2m_then_brazil_4m,324,5.409949499708899
ecuador_2m_then_brazil_4m,325,3.0417144552049096
ecuador_2m_then_brazil_4m,326,4.888425688341319
ecuador_2m_then_brazil_4m,327,6.386197323400238
ecuador_2m_then_brazil_4m,328,6.181111868747923
ecuador_2m_then_brazil_4m,329,7.3314233055136135
ecuador_2m_then_brazil_4m,330,10.200681498340234
ecuador_2m_then_brazil_4m,331,4.8640115836864695
ecuador_2m_then_brazil_4m,332,5.0963807035472
ecuador_2m_then_brazil_4m,333,4.904301369688412
ecuador_2m_then_brazil_4m,334,4.432514476729258
ecuador_2m_then_brazil_4m,335,7.090728364779879
ecuador_2m_then_brazil_4m,336,4.254368731515172
ecuador_2m_then_brazil_4m,337,5.304843184390451
ecuador_2m_then_brazil_4m,338,5.199737187708969
ecuador_2m_then_brazil_4m,339,5.333977610053554
ecuador_2m_then_brazil_4m,340,6.422142833031958
ecuador_2m_then_brazil_4m,341,6.964049381053335
ecuador_2m_then_brazil_4m,342,6.533491958923754
ecuador_2m_then_brazil_4m,343,5.982766660820044
ecuador_2m_then_brazil_4m,344,4.322555301675199
ecuador_2m_then_brazil_4m,345,5.1681169155676105
ecuador_2m_then_brazil_4m,346,8.14646426507303
ecuador_2m_then_brazil_4m,347,10.695235428070038
ecuador_2m_then_brazil_4m,348,5.385620144305914
ecuador_2m_then_brazil_4m,349,5.265326328490484
ecuador_2m_then_brazil_4m,350,6.570406036543251
ecuador_2m_then_brazil_4m,351,6.867043383164105
ecuador_2m_then_brazil_4m,352,7.41356280350062
ecuador_2m_then_brazil_4m,353,5.1711106257940935
ecuador_2m_then_brazil_4m,354,4.33128188765561
ecuador_2m_then_brazil_4m,355,3.3376517308368734
ecuador_2m_then_brazil_4m,356,6.674898368544809
ecuador_2m_then_brazil_4m,357,4.965676287084692
ecuador_2m_then_brazil_4m,358,5.687303319419399
ecuador_2m_then_brazil_4m,359,5.5416162252059795
ecuador_2m_then_brazil_4m,360,3.384099583048769
ecuador_2m_then_brazil_4m,361,7.2798959656971185
ecuador_2m_then_brazil_4m,362,5.181204226667659
ecuador_2m_then_brazil_4m,363,8.52302497347063
ecuador_2m_then_brazil_4m,364,7.004775712999594
ecuador_2m_then_brazil_4m,365,4.580351996968704
ecuador_2m_then_brazil_4m,366,5.245426309051409
ecuador_2m_then_brazil_4m,367,5.645496302849869
ecuador_2m_then_brazil_4m,368,5.683471342303312
ecuador_2m_then_brazil_4m,369,6.728365563300014
ecuador_2m_then_brazil_4m,370,7.922389166573563
ecuador_2m_then_brazil_4m,371,6.0939011374907155
ecuador_2m_then_brazil_4m,372,6.051823644639729
ecuador_2m_then_brazil_4m,373,3.8595809552469227
ecuador_2m_then_brazil_4m,374,6.309590504270538
ecuador_2m_then_brazil_4m,375,6.016231750256515
ecuador_2m_then_brazil_4m,376,5.108971545264672
ecuador_2m_then_brazil_4m,377,5.323487963373937
ecuador_2m_then_brazil_4m,378,6.566960226065488
ecuador_2m_then_brazil_4m,379,7.060190613239526
ecuador_2m_then_brazil_4m,380,3.979661804103746
ecuador_2m_then_brazil_4m,381,5.473847613617493
ecuador_2m_then_brazil_4m,382,3.3577666871529144
ecuador_2m_then_brazil_4m,383,5.608031442087233
ecuador_2m_then_brazil_4m,384,3.734460310406635
ecuador_2m_then_brazil_4m,385,4.229351798270525
ecuador_2m_then_brazil_4m,386,5.535433460623851
ecuador_2m_then_brazil_4m,387,4.112950611249528
ecuador_2m_then_brazil_4m,388,6.433063904876952
ecuador_2m_then_brazil_4m,389,4.623404702157895
ecuador_2m_then_brazil_4m,390,6.773016498011261
ecuador_2m_then_brazil_4m,391,3.9085132659708113
ecuador_2m_then_brazil_4m,392,5.99536230835115
ecuador_2m_then_brazil_4m,393,3.794574639609177
ecuador_2m_then_brazil_4m,394,5.4931735081573
ecuador_2m_then_brazil_4m,395,3.2690463231438778
ecuador_2m_then_brazil_4m,396,5.463495575677133
ecuador_2m_then_brazil_4m,397,3.1719965634583933
ecuador_2m_then_brazil_4m,398,6.368269108825331
ecuador_2m_then_brazil_4m,399,6.6202003453049905
ecuador_2m_then_brazil_4m,400,4.643140612474268
ecuador_2m_then_brazil_4m,401,6.9332855206588615
ecuador_2m_then_brazil_4m,402,5.29023716938255
ecuador_2m_then_brazil_4m,403,5.51096795087332
ecuador_2m_then_brazil_4m,404,5.794188666408753
ecuador_2m_then_brazil_4m,405,7.068678568901924
ecuador_2m_then_brazil_4m,406,5.927399578604565
ecuador_2m_then_brazil_4m,407,5.025381992502346
ecuador_2m_then_brazil_4m,408,5.486426941537294
ecuador_2m_then_brazil_4m,409,5.941099033329318
ecuador_2m_then_brazil_4m,410,6.891279001100338
ecuador_2m_then_brazil_4m,411,7.2227668654872765
ecuador_2m_then_brazil_4m,412,5.127086274023294
ecuador_2m_then_brazil_4m,413,5.795289578000395
ecuador_2m_then_brazil_4m,414,4.961668171233116
ecuador_2m_then_brazil_4m,415,6.007153868533378
ecuador_2m_then_brazil_4m,416,4.810064061484398
ecuador_2m_then_brazil_4m,417,7.77441164829981
ecuador_2m_then_brazil_4m,418,5.638416003567971
ecuador_2m_then_brazil_4m,419,6.327712647746048
ecuador_2m_then_brazil_4m,420,6.843008433192751
ecuador_2m_then_brazil_4m,421,4.203108864459459
ecuador_2m_then_brazil_4m,422,4.924598993689111
ecuador_2m_then_brazil_4m,423,3.8686532155745206
ecuador_2m_then_brazil_4m,424,4.648110437143607
ecuador_2m_then_brazil_4m,425,3.919610818865799
ecuador_2m_then_brazil_4m,426,4.135192818566507
ecuador_2m_then_brazil_4m,427,7.732856648226888
ecuador_2m_then_brazil_4m,428,3.3702312998442827
ecuador_2m_then_brazil_4m,429,4.40070581177079
ecuador_2m_then_brazil_4m,430,6.537217169102681
ecuador_2m_then_brazil_4m,431,5.589364149951008
ecuador_2m_then_brazil_4m,432,5.223939742038979
ecuador_2m_then_brazil_4m,433,5.218177249600334
ecuador_2m_then_brazil_4m,434,7.14902878213861
ecuador_2m_then_brazil_4m,435,4.262429039463518
ecuador_2m_then_brazil_4m,436,6.848630766898543
ecuador_2m_then_brazil_4m,437,6.044657024150894
ecuador_2m_then_brazil_4m,438,4.201846747862045
ecuador_2m_then_brazil_4m,439,6.966880815437958
ecuador_2m_then_brazil_4m,440,3.625235502374689
ecuador_2m_then_brazil_4m,441,6.206504683272134
ecuador_2m_then_brazil_4m,442,5.156086046248008
ecuador_2m_then_brazil_4m,443,5.634200849690277
ecuador_2m_then_brazil_4m,444,4.097005415265556
ecuador_2m_then_brazil_4m,445,5.8245191703401655
ecuador_2m_then_brazil_4m,446,4.972692553296652
ecuador_2m_then_brazil_4m,447,6.550074182885926
ecuador_2m_then_brazil_4m,448,4.7180495454923514
ecuador_2m_then_brazil_4m,449,4.453000638249108
ecuador_2m_then_brazil_4m,450,5.99350970738241
ecuador_2m_then_brazil_4m,451,7.562494429137134
ecuador_2m_then_brazil_4m,452,5.079539407773663
ecuador_2m_then_brazil_4m,453,4.759262324070553
ecuador_2m_then_brazil_4m,454,3.831180847714513
ecuador_2m_then_brazil_4m,455,4.181115538673192
ecuador_2m_then_brazil_4m,456,9.70171973416482
ecuador_2m_then_brazil_4m,457,5.682893007668904
ecuador_2m_then_brazil_4m,458,6.682856169090024
ecuador_2m_then_brazil_4m,459,3.9957656445971557
ecuador_2m_then_brazil_4m,460,4.141576192484387
ecuador_2m_then_brazil_4m,461,4.796043315731297
ecuador_2m_then_brazil_4m,462,5.352252918095141
ecuador_2m_then_brazil_4m,463,9.388714786817884
ecuador_2m_then_brazil_4m,464,6.4676094651062375
ecuador_2m_then_brazil_4m,465,7.555790677197798
ecuador_2m_then_brazil_4m,466,4.930171498286475
ecuador_2m_then_brazil_4m,467,4.006417228481642
ecuador_2m_then_brazil_4m,468,7.660987528481523
ecuador_2m_then_brazil_4m,469,6.878072700665786
ecuador_2m_then_brazil_4m,470,3.658234437787896
ecuador_2m_then_brazil_4m,471,4.102285071588447
ecuador_2m_then_brazil_4m,472,4.782168912814197
ecuador_2m_then_brazil_4m,473,4.965619353940643
ecuador_2m_then_brazil_4m,474,5.674224640386524
ecuador_2m_then_brazil_4m,475,4.484051223030113
ecuador_2m_then_brazil_4m,476,5.051152814662768
ecuador_2m_then_brazil_4m,477,3.8613708594117977
ecuador_2m_then_brazil_4m,478,7.646874633269518
ecuador_2m_then_brazil_4m,479,5.060758941620428
ecuador_2m_then_brazil_4m,480,3.702232134168015
ecuador_2m_then_brazil_4m,481,6.488803596972608
ecuador_2m_then_brazil_4m,482,6.7267828496137785
ecuador_2m_then_brazil_4m,483,5.093551479650286
ecuador_2m_then_brazil_4m,484,4.099240814955835
ecuador_2m_then_brazil_4m,485,6.3888629471312965
ecuador_2m_then_brazil_4m,486,5.495526908919309
ecuador_2m_then_brazil_4m,487,6.366644358137202
ecuador_2m_then_brazil_4m,488,6.691811662341014
ecuador_2m_then_brazil_4m,489,4.730294871118943
ecuador_2m_then_brazil_4m,490,3.998254642864983
ecuador_2m_then_brazil_4m,491,5.921851031245701
ecuador_2m_then_brazil_4m,492,7.866866986187222
ecuador_2m_then_brazil_4m,493,4.374884718727944
ecuador_2m_then_brazil_4m,494,8.143813234577935
ecuador_2m_then_brazil_4m,495,6.0083693029091565
ecuador_2m_then_brazil_4m,496,7.88688660284688
ecuador_2m_then_brazil_4m,497,5.885630532657373
ecuador_2m_then_brazil_4m,498,5.733901389951069
ecuador_2m_then_brazil_4m,499,4.903852220563163
ecuador_2m_brazil_2m_europe_2m,0,6.155664590888657
ecuador_2m_brazil_2m_europe_2m,1,6.207632728832587
ecuador_2m_brazil_2m_europe_2m,2,6.769067215533268
ecuador_2m_brazil_2m_europe_2m,3,6.483478988017061
ecuador_2m_brazil_2m_europe_2m,4,5.693535547268215
ecuador_2m_brazil_2m_europe_2m,5,9.858404818137492
ecuador_2m_brazil_2m_europe_2m,6,6.838107184340581
ecuador_2m_brazil_2m_europe_2m,7,5.2123377901144226
ecuador_2m_brazil_2m_europe_2m,8,4.6026492253045035
ecuador_2m_brazil_2m_europe_2m,9,9.423420093359868
ecuador_2m_brazil_2m_europe_2m,10,5.647756545235591
ecuador_2m_brazil_2m_europe_2m,11,4.362172279347925
ecuador_2m_brazil_2m_europe_2m,12,4.205588737131713
ecuador_2m_brazil_2m_europe_2m,13,6.5553629263415365
ecuador_2m_brazil_2m_europe_2m,14,4.462691485405378
ecuador_2m_brazil_2m_europe_2m,15,5.355725520299335
ecuador_2m_brazil_2m_europe_2m,16,4.920038560903438
ecuador_2m_brazil_2m_europe_2m,17,4.208895827729454
ecuador_2m_brazil_2m_europe_2m,18,7.483369546773593
ecuador_2m_brazil_2m_europe_2m,19,5.421924117813092
ecuador_2m_brazil_2m_europe_2m,20,4.955105228977808
ecuador_2m_brazil_2m_europe_2m,21,4.989167664914256
ecuador_2m_brazil_2m_europe_2m,22,3.5815258267190653
ecuador_2m_brazil_2m_europe_2m,23,6.6646986296170585
ecuador_2m_brazil_2m_europe_2m,24,4.830504790336421
ecuador_2m_brazil_2m_europe_2m,25,4.422011615323618
ecuador_2m_brazil_2m_europe_2m,26,5.325070229577715
ecuador_2m_brazil_2m_europe_2m,27,5.435805260522466
ecuador_2m_brazil_2m_europe_2m,28,8.01787444646279
ecuador_2m_brazil_2m_europe_2m,29,4.138848639938019
ecuador_2m_brazil_2m_europe_2m,30,5.690580267162643
ecuador_2m_brazil_2m_europe_2m,31,4.7608834274634795
ecuador_2m_brazil_2m_europe_2m,32,6.3595534750999105
ecuador_2m_brazil_2m_europe_2m,33,6.308776116457197
ecuador_2m_brazil_2m_europe_2m,34,8.606666036526088
ecuador_2m_brazil_2m_europe_2m,35,8.348315068562627
ecuador_2m_brazil_2m_europe_2m,36,7.314190920202463
ecuador_2m_brazil_2m_europe_2m,37,5.474139284471847
ecuador_2m_brazil_2m_europe_2m,38,5.626399830984237
ecuador_2m_brazil_2m_europe_2m,39,4.9460569596549115
ecuador_2m_brazil_2m_europe_2m,40,5.734610914785662
ecuador_2m_brazil_2m_europe_2m,41,4.681383754155597
ecuador_2m_brazil_2m_europe_2m,42,5.242392526016144
ecuador_2m_brazil_2m_europe_2m,43,6.085854828968162
ecuador_2m_brazil_2m_europe_2m,44,4.444404213800463
ecuador_2m_brazil_2m_europe_2m,45,4.662208730319459
ecuador_2m_brazil_2m_europe_2m,46,6.965172145569899
ecuador_2m_brazil_2m_europe_2m,47,5.7103770184564775
ecuador_2m_brazil_2m_europe_2m,48,7.381456304115075
ecuador_2m_brazil_2m_europe_2m,49,6.508257850032748
ecuador_2m_brazil_2m_europe_2m,50,5.859749395210345
ecuador_2m_brazil_2m_europe_2m,51,4.94235717000894
ecuador_2m_brazil_2m_europe_2m,52,3.9381900385901294
ecuador_2m_brazil_2m_europe_2m,53,6.089024154312511
ecuador_2m_brazil_2m_europe_2m,54,3.6656415152161124
ecuador_2m_brazil_2m_europe_2m,55,4.702630907976341
ecuador_2m_brazil_2m_europe_2m,56,7.123807625000604
ecuador_2m_brazil_2m_europe_2m,57,6.38240732279346
ecuador_2m_brazil_2m_europe_2m,58,5.249043881868266
ecuador_2m_brazil_2m_europe_2m,59,3.629607551810561
ecuador_2m_brazil_2m_europe_2m,60,6.887701599665221
ecuador_2m_brazil_2m_europe_2m,61,6.700395448506369
ecuador_2m_brazil_2m_europe_2m,62,2.9996462143191476
ecuador_2m_brazil_2m_europe_2m,63,7.384577450785452
ecuador_2m_brazil_2m_europe_2m,64,4.169983591471648
ecuador_2m_brazil_2m_europe_2m,65,4.6373883921579635
ecuador_2m_brazil_2m_europe_2m,66,5.423448969719023
ecuador_2m_brazil_2m_europe_2m,67,5.304224822083985
ecuador_2m_brazil_2m_europe_2m,68,7.312469498195617
ecuador_2m_brazil_2m_europe_2m,69,8.55436859568463
ecuador_2m_brazil_2m_europe_2m,70,5.846686595794697
ecuador_2m_brazil_2m_europe_2m,71,7.144157144594718
ecuador_2m_brazil_2m_europe_2m,72,6.870823297840806
ecuador_2m_brazil_2m_europe_2m,73,4.10418283293514
ecuador_2m_brazil_2m_europe_2m,74,5.996325986711021
ecuador_2m_brazil_2m_europe_2m,75,3.6800670502476107
ecuador_2m_brazil_2m_europe_2m,76,4.567087888991224
ecuador_2m_brazil_2m_europe_2m,77,6.688848822249528
ecuador_2m_brazil_2m_europe_2m,78,5.4259340852384845
ecuador_2m_brazil_2m_europe_2m,79,5.8922189191813334
ecuador_2m_brazil_2m_europe_2m,80,7.833332655710959
ecuador_2m_brazil_2m_europe_2m,81,7.720032674933638
ecuador_2m_brazil_2m_europe_2m,82,5.477380708852844
ecuador_2m_brazil_2m_europe_2m,83,7.759545113790805
ecuador_2m_brazil_2m_europe_2m,84,4.978991885843719
ecuador_2m_brazil_2m_europe_2m,85,5.860772178922897
ecuador_2m_brazil_2m_europe_2m,86,3.3295131819708708
ecuador_2m_brazil_2m_europe_2m,87,7.271583844204016
ecuador_2m_brazil_2m_europe_2m,88,4.964307388492434
ecuador_2m_brazil_2m_europe_2m,89,6.085640821237132
ecuador_2m_brazil_2m_europe_2m,90,5.856844650888597
ecuador_2m_brazil_2m_europe_2m,91,6.451582036760068
ecuador_2m_brazil_2m_europe_2m,92,5.940221636907472
ecuador_2m_brazil_2m_europe_2m,93,4.6533421176710705
ecuador_2m_brazil_2m_europe_2m,94,5.480033782479045
ecuador_2m_brazil_2m_europe_2m,95,6.783808067980623
ecuador_2m_brazil_2m_europe_2m,96,5.55675302041168
ecuador_2m_brazil_2m_europe_2m,97,4.880547941768345
ecuador_2m_brazil_2m_europe_2m,98,6.371729079539808
ecuador_2m_brazil_2m_europe_2m,99,5.406274447776314
ecuador_2m_brazil_2m_europe_2m,100,8.1146768069448
ecuador_2m_brazil_2m_europe_2m,101,3.027332443703626
ecuador_2m_brazil_2m_europe_2m,102,3.8990487030790377
ecuador_2m_brazil_2m_europe_2m,103,8.181623298047015
ecuador_2m_brazil_2m_europe_2m,104,3.133675449379793
ecuador_2m_brazil_2m_europe_2m,105,6.208445301874933
ecuador_2m_brazil_2m_europe_2m,106,6.124217829763632
ecuador_2m_brazil_2m_europe_2m,107,4.784904025665707
ecuador_2m_brazil_2m_europe_2m,108,7.908718750254756
ecuador_2m_brazil_2m_europe_2m,109,4.372468196580203
ecuador_2m_brazil_2m_europe_2m,110,7.81781874531379
ecuador_2m_brazil_2m_europe_2m,111,4.539280045267171
ecuador_2m_brazil_2m_europe_2m,112,7.066009397490455
ecuador_2m_brazil_2m_europe_2m,113,7.182717355707913
ecuador_2m_brazil_2m_europe_2m,114,5.14258085846056
ecuador_2m_brazil_2m_europe_2m,115,5.977549630630795
ecuador_2m_brazil_2m_europe_2m,116,5.300205710878892
ecuador_2m_brazil_2m_europe_2m,117,9.839950459483454
ecuador_2m_brazil_2m_europe_2m,118,4.626941497045226
ecuador_2m_brazil_2m_europe_2m,119,6.434840906016293
ecuador_2m_brazil_2m_europe_2m,120,6.082687257792548
ecuador_2m_brazil_2m_europe_2m,121,5.027510402632965
ecuador_2m_brazil_2m_europe_2m,122,3.6301178748176373
ecuador_2m_brazil_2m_europe_2m,123,4.5740302516141
ecuador_2m_brazil_2m_europe_2m,124,6.389526198864091
ecuador_2m_brazil_2m_europe_2m,125,5.718836150925772
ecuador_2m_brazil_2m_europe_2m,126,3.4896934219627505
ecuador_2m_brazil_2m_europe_2m,127,4.30597769948815
ecuador_2m_brazil_2m_europe_2m,128,4.196893343853023
ecuador_2m_brazil_2m_europe_2m,129,5.669520657700212
ecuador_2m_brazil_2m_europe_2m,130,4.0828622411647535
ecuador_2m_brazil_2m_europe_2m,131,4.492620672074272
ecuador_2m_brazil_2m_europe_2m,132,8.151117218723813
ecuador_2m_brazil_2m_europe_2m,133,6.751584318064382
ecuador_2m_brazil_2m_europe_2m,134,7.582690838142187
ecuador_2m_brazil_2m_europe_2m,135,6.977151951807878
ecuador_2m_brazil_2m_europe_2m,136,3.891617626474386
ecuador_2m_brazil_2m_europe_2m,137,6.340331660878914
ecuador_2m_brazil_2m_europe_2m,138,6.1498788157998785
ecuador_2m_brazil_2m_europe_2m,139,5.94581540608042
ecuador_2m_brazil_2m_europe_2m,140,4.519708979471883
ecuador_2m_brazil_2m_europe_2m,141,5.58775583044201
ecuador_2m_brazil_2m_europe_2m,142,4.368902309042489
ecuador_2m_brazil_2m_europe_2m,143,5.918065691718577
ecuador_2m_brazil_2m_europe_2m,144,6.764055708441404
ecuador_2m_brazil_2m_europe_2m,145,4.031701163234771
ecuador_2m_brazil_2m_europe_2m,146,5.9026216075974896
ecuador_2m_brazil_2m_europe_2m,147,5.069402016855148
ecuador_2m_brazil_2m_europe_2m,148,4.908426133103953
ecuador_2m_brazil_2m_europe_2m,149,7.521531596272676
ecuador_2m_brazil_2m_europe_2m,150,4.712710777674856
ecuador_2m_brazil_2m_europe_2m,151,4.481557936317175
ecuador_2m_brazil_2m_europe_2m,152,5.2426784463767016
ecuador_2m_brazil_2m_europe_2m,153,5.57719418626353
ecuador_2m_brazil_2m_europe_2m,154,5.752108657073048
ecuador_2m_brazil_2m_europe_2m,155,3.6912645584620667
ecuador_2m_brazil_2m_europe_2m,156,7.182237082638353
ecuador_2m_brazil_2m_europe_2m,157,6.188764769169452
ecuador_2m_brazil_2m_europe_2m,158,7.755434687188714
ecuador_2m_brazil_2m_europe_2m,159,6.655799755557125
ecuador_2m_brazil_2m_europe_2m,160,4.645957502600002
ecuador_2m_brazil_2m_europe_2m,161,6.210130259142228
ecuador_2m_brazil_2m_europe_2m,162,6.321522106609573
ecuador_2m_brazil_2m_europe_2m,163,9.769799805544
ecuador_2m_brazil_2m_europe_2m,164,8.304234223822146
ecuador_2m_brazil_2m_europe_2m,165,4.7460911078638075
ecuador_2m_brazil_2m_europe_2m,166,7.298696838136916
ecuador_2m_brazil_2m_europe_2m,167,5.384226038715114
ecuador_2m_brazil_2m_europe_2m,168,4.298301598625549
ecuador_2m_brazil_2m_europe_2m,169,4.565913291386726
ecuador_2m_brazil_2m_europe_2m,170,3.893647892370473
ecuador_2m_brazil_2m_europe_2m,171,7.304545387157971
ecuador_2m_brazil_2m_europe_2m,172,3.9412323446546966
ecuador_2m_brazil_2m_europe_2m,173,5.5337487029642904
ecuador_2m_brazil_2m_europe_2m,174,4.136242128802029
ecuador_2m_brazil_2m_europe_2m,175,5.259204680979925
ecuador_2m_brazil_2m_europe_2m,176,4.938891450860639
ecuador_2m_brazil_2m_europe_2m,177,3.884113645656926
ecuador_2m_brazil_2m_europe_2m,178,3.5057823059178657
ecuador_2m_brazil_2m_europe_2m,179,6.15854113209364
ecuador_2m_brazil_2m_europe_2m,180,5.9610330971105965
ecuador_2m_brazil_2m_europe_2m,181,6.902384115643828
ecuador_2m_brazil_2m_europe_2m,182,7.019407651935217
ecuador_2m_brazil_2m_europe_2m,183,5.327050729537946
ecuador_2m_brazil_2m_europe_2m,184,6.823747629636246
ecuador_2m_brazil_2m_europe_2m,185,6.243713768673649
ecuador_2m_brazil_2m_europe_2m,186,4.817206095459346
ecuador_2m_brazil_2m_europe_2m,187,5.671332935087442
ecuador_2m_brazil_2m_europe_2m,188,6.062972622845383
ecuador_2m_brazil_2m_europe_2m,189,4.5507072752374365
ecuador_2m_brazil_2m_europe_2m,190,5.2027654702649375
ecuador_2m_brazil_2m_europe_2m,191,5.827611858672256
ecuador_2m_brazil_2m_europe_2m,192,3.732240980532555
ecuador_2m_brazil_2m_europe_2m,193,4.224088136074296
ecuador_2m_brazil_2m_europe_2m,194,7.7959611519997045
ecuador_2m_brazil_2m_europe_2m,195,6.618571530737734
ecuador_2m_brazil_2m_europe_2m,196,7.577162997942004
ecuador_2m_brazil_2m_europe_2m,197,7.744317768857533
ecuador_2m_brazil_2m_europe_2m,198,6.451305207244673
ecuador_2m_brazil_2m_europe_2m,199,6.145867113274849
ecuador_2m_brazil_2m_europe_2m,200,4.472007186780105
ecuador_2m_brazil_2m_europe_2m,201,7.622716045491548
ecuador_2m_brazil_2m_europe_2m,202,4.50742925169314
ecuador_2m_brazil_2m_europe_2m,203,6.643106573047335
ecuador_2m_brazil_2m_europe_2m,204,5.628600769601054
ecuador_2m_brazil_2m_europe_2m,205,5.324414166625945
ecuador_2m_brazil_2m_europe_2m,206,8.064960871691333
ecuador_2m_brazil_2m_europe_2m,207,7.39064158155423
ecuador_2m_brazil_2m_europe_2m,208,5.9079872716006765
ecuador_2m_brazil_2m_europe_2m,209,8.182618993577693
ecuador_2m_brazil_2m_europe_2m,210,9.260291943172035
ecuador_2m_brazil_2m_europe_2m,211,5.573708704613976
ecuador_2m_brazil_2m_europe_2m,212,3.930224986660095
ecuador_2m_brazil_2m_europe_2m,213,5.071467369266214
ecuador_2m_brazil_2m_europe_2m,214,4.031545638076642
ecuador_2m_brazil_2m_europe_2m,215,9.402408279163156
ecuador_2m_brazil_2m_europe_2m,216,5.815611016915433
ecuador_2m_brazil_2m_europe_2m,217,6.061868678506801
ecuador_2m_brazil_2m_europe_2m,218,4.907077217507941
ecuador_2m_brazil_2m_europe_2m,219,6.523593958843435
ecuador_2m_brazil_2m_europe_2m,220,6.315585317004835
ecuador_2m_brazil_2m_europe_2m,221,6.744923674246872
ecuador_2m_brazil_2m_europe_2m,222,5.034660955111352
ecuador_2m_brazil_2m_europe_2m,223,5.606083200645721
ecuador_2m_brazil_2m_europe_2m,224,4.156607652599963
ecuador_2m_brazil_2m_europe_2m,225,7.233218059822901
ecuador_2m_brazil_2m_europe_2m,226,6.245803060239318
ecuador_2m_brazil_2m_europe_2m,227,4.382523245394674
ecuador_2m_brazil_2m_europe_2m,228,5.568095891362495
ecuador_2m_brazil_2m_europe_2m,229,4.220623911693616
ecuador_2m_brazil_2m_europe_2m,230,6.645025510275616
ecuador_2m_brazil_2m_europe_2m,231,7.789943004819951
ecuador_2m_brazil_2m_europe_2m,232,4.033243198121439
ecuador_2m_brazil_2m_europe_2m,233,6.028592373765809
ecuador_2m_brazil_2m_europe_2m,234,4.565298330214649
ecuador_2m_brazil_2m_europe_2m,235,6.396138378196894
ecuador_2m_brazil_2m_europe_2m,236,5.34906098466104
ecuador_2m_brazil_2m_europe_2m,237,8.03571958239425
ecuador_2m_brazil_2m_europe_2m,238,5.4609423405627435
ecuador_2m_brazil_2m_europe_2m,239,5.80428275721061
ecuador_2m_brazil_2m_europe_2m,240,5.109488897777853
ecuador_2m_brazil_2m_europe_2m,241,5.964468687007667
ecuador_2m_brazil_2m_europe_2m,242,6.631201559573732
ecuador_2m_brazil_2m_europe_2m,243,4.046656711545166
ecuador_2m_brazil_2m_europe_2m,244,5.094129171643007
ecuador_2m_brazil_2m_europe_2m,245,6.569284531806491
ecuador_2m_brazil_2m_europe_2m,246,8.483092797788823
ecuador_2m_brazil_2m_europe_2m,247,4.372403982726255
ecuador_2m_brazil_2m_europe_2m,248,3.405842958866838
ecuador_2m_brazil_2m_europe_2m,249,4.3956670681789065
ecuador_2m_brazil_2m_europe_2m,250,3.74711896654005
ecuador_2m_brazil_2m_europe_2m,251,6.4930048779422895
ecuador_2m_brazil_2m_europe_2m,252,7.004005708361964
ecuador_2m_brazil_2m_europe_2m,253,6.341075379681733
ecuador_2m_brazil_2m_europe_2m,254,7.476720983797801
ecuador_2m_brazil_2m_europe_2m,255,6.041835683821845
ecuador_2m_brazil_2m_europe_2m,256,8.136354326317262
ecuador_2m_brazil_2m_europe_2m,257,6.124751893827851
ecuador_2m_brazil_2m_europe_2m,258,6.63180264722647
ecuador_2m_brazil_2m_europe_2m,259,7.1524384456229715
ecuador_2m_brazil_2m_europe_2m,260,6.906612999252063
ecuador_2m_brazil_2m_europe_2m,261,4.642056474007162
ecuador_2m_brazil_2m_europe_2m,262,3.89563008695645
ecuador_2m_brazil_2m_europe_2m,263,7.117040698665194
ecuador_2m_brazil_2m_europe_2m,264,3.419470712488615
ecuador_2m_brazil_2m_europe_2m,265,5.317496916288065
ecuador_2m_brazil_2m_europe_2m,266,3.886707138956371
ecuador_2m_brazil_2m_europe_2m,267,4.914508297272358
ecuador_2m_brazil_2m_europe_2m,268,3.1304132983924404
ecuador_2m_brazil_2m_europe_2m,269,3.854130030403622
ecuador_2m_brazil_2m_europe_2m,270,3.9205194132364154
ecuador_2m_brazil_2m_europe_2m,271,3.5528002598403803
ecuador_2m_brazil_2m_europe_2m,272,6.242711318092151
ecuador_2m_brazil_2m_europe_2m,273,9.057000027758395
ecuador_2m_brazil_2m_europe_2m,274,3.9818185953386767
ecuador_2m_brazil_2m_europe_2m,275,6.857353332437412
ecuador_2m_brazil_2m_europe_2m,276,5.131199582478228
ecuador_2m_brazil_2m_europe_2m,277,5.722045648317784
ecuador_2m_brazil_2m_europe_2m,278,7.059010110730763
ecuador_2m_brazil_2m_europe_2m,279,5.59466187771958
ecuador_2m_brazil_2m_europe_2m,280,6.983562912214153
ecuador_2m_brazil_2m_europe_2m,281,5.500998366688009
ecuador_2m_brazil_2m_europe_2m,282,5.991660699096236
ecuador_2m_brazil_2m_europe_2m,283,4.758616912285799
ecuador_2m_brazil_2m_europe_2m,284,5.671637845555121
ecuador_2m_brazil_2m_europe_2m,285,3.938111119089808
ecuador_2m_brazil_2m_europe_2m,286,6.998157667332208
ecuador_2m_brazil_2m_europe_2m,287,7.351160937494845
ecuador_2m_brazil_2m_europe_2m,288,4.420236448616009
ecuador_2m_brazil_2m_europe_2m,289,5.7352744283967185
ecuador_2m_brazil_2m_europe_2m,290,6.504230605375692
ecuador_2m_brazil_2m_europe_2m,291,4.251845400685826
ecuador_2m_brazil_2m_europe_2m,292,5.726726661827584
ecuador_2m_brazil_2m_europe_2m,293,3.4138485750590633
ecuador_2m_brazil_2m_europe_2m,294,4.551009505986411
ecuador_2m_brazil_2m_europe_2m,295,4.660517600751199
ecuador_2m_brazil_2m_europe_2m,296,4.634680866204955
ecuador_2m_brazil_2m_europe_2m,297,6.828892883656943
ecuador_2m_brazil_2m_europe_2m,298,4.292848227705277
ecuador_2m_brazil_2m_europe_2m,299,6.789040852395516
ecuador_2m_brazil_2m_europe_2m,300,5.916142880727726
ecuador_2m_brazil_2m_europe_2m,301,4.273545488086157
ecuador_2m_brazil_2m_europe_2m,302,11.075719631923501
ecuador_2m_brazil_2m_europe_2m,303,3.9638825382122387
ecuador_2m_brazil_2m_europe_2m,304,4.90854549652584
ecuador_2m_brazil_2m_europe_2m,305,4.622741124813656
ecuador_2m_brazil_2m_europe_2m,306,5.74072470026328
ecuador_2m_brazil_2m_europe_2m,307,7.6848527626943826
ecuador_2m_brazil_2m_europe_2m,308,6.556100640885833
ecuador_2m_brazil_2m_europe_2m,309,6.424199844807901
ecuador_2m_brazil_2m_europe_2m,310,5.679314166450774
ecuador_2m_brazil_2m_europe_2m,311,5.1741832542979145
ecuador_2m_brazil_2m_europe_2m,312,4.778429315475503
ecuador_2m_brazil_2m_europe_2m,313,5.643730746845059
ecuador_2m_brazil_2m_europe_2m,314,5.693485934517103
ecuador_2m_brazil_2m_europe_2m,315,6.8325154217498465
ecuador_2m_brazil_2m_europe_2m,316,7.928158488094255
ecuador_2m_brazil_2m_europe_2m,317,4.469610517353249
ecuador_2m_brazil_2m_europe_2m,318,5.80605287953906
ecuador_2m_brazil_2m_europe_2m,319,4.450079410618279
ecuador_2m_brazil_2m_europe_2m,320,4.491883101704254
ecuador_2m_brazil_2m_europe_2m,321,5.29896906577056
ecuador_2m_brazil_2m_europe_2m,322,6.117440552032275
ecuador_2m_brazil_2m_europe_2m,323,6.246895782512388
ecuador_2m_brazil_2m_europe_2m,324,4.5344500893551185
ecuador_2m_brazil_2m_europe_2m,325,5.949362012429869
ecuador_2m_brazil_2m_europe_2m,326,6.980805721757647
ecuador_2m_brazil_2m_europe_2m,327,7.243306961890777
ecuador_2m_brazil_2m_europe_2m,328,9.30845733736545
ecuador_2m_brazil_2m_europe_2m,329,5.7014078614493
ecuador_2m_brazil_2m_europe_2m,330,5.4637014095257275
ecuador_2m_brazil_2m_europe_2m,331,5.64785251942013
ecuador_2m_brazil_2m_europe_2m,332,6.042885915862406
ecuador_2m_brazil_2m_europe_2m,333,4.102791473045693
ecuador_2m_brazil_2m_europe_2m,334,5.224229330506379
ecuador_2m_brazil_2m_europe_2m,335,10.694129425185528
ecuador_2m_brazil_2m_europe_2m,336,5.863675087449293
ecuador_2m_brazil_2m_europe_2m,337,5.239054240202153
ecuador_2m_brazil_2m_europe_2m,338,5.309585894719015
ecuador_2m_brazil_2m_europe_2m,339,4.725151576430759
ecuador_2m_brazil_2m_europe_2m,340,7.042524933256017
ecuador_2m_brazil_2m_europe_2m,341,3.694936192801091
ecuador_2m_brazil_2m_europe_2m,342,4.547636863353191
ecuador_2m_brazil_2m_europe_2m,343,5.716190374494231
ecuador_2m_brazil_2m_europe_2m,344,6.053230547463706
ecuador_2m_brazil_2m_europe_2m,345,4.7479861458799295
ecuador_2m_brazil_2m_europe_2m,346,7.775807598181417
ecuador_2m_brazil_2m_europe_2m,347,5.211184218022469
ecuador_2m_brazil_2m_europe_2m,348,4.710703169808826
ecuador_2m_brazil_2m_europe_2m,349,6.403971244278916
ecuador_2m_brazil_2m_europe_2m,350,3.9648613526412633
ecuador_2m_brazil_2m_europe_2m,351,5.771472304962471
ecuador_2m_brazil_2m_europe_2m,352,5.721883822377239
ecuador_2m_brazil_2m_europe_2m,353,7.594078005266183
ecuador_2m_brazil_2m_europe_2m,354,3.25921915138885
ecuador_2m_brazil_2m_europe_2m,355,4.449698329016258
ecuador_2m_brazil_2m_europe_2m,356,5.831543538017604
ecuador_2m_brazil_2m_europe_2m,357,4.383918272945003
ecuador_2m_brazil_2m_europe_2m,358,4.834138433759019
ecuador_2m_brazil_2m_europe_2m,359,6.289010323351043
ecuador_2m_brazil_2m_europe_2m,360,7.173920655079984
ecuador_2m_brazil_2m_europe_2m,361,5.391950295277748
ecuador_2m_brazil_2m_europe_2m,362,7.246303355444149
ecuador_2m_brazil_2m_europe_2m,363,5.929072463979829
ecuador_2m_brazil_2m_europe_2m,364,4.115837570676365
ecuador_2m_brazil_2m_europe_2m,365,4.055877675060843
ecuador_2m_brazil_2m_europe_2m,366,5.997894839916954
ecuador_2m_brazil_2m_europe_2m,367,5.443854041617738
ecuador_2m_brazil_2m_europe_2m,368,5.699526395431822
ecuador_2m_brazil_2m_europe_2m,369,8.719774820341856
ecuador_2m_brazil_2m_europe_2m,370,4.3863584287189035
ecuador_2m_brazil_2m_europe_2m,371,5.448375110896359
ecuador_2m_brazil_2m_europe_2m,372,6.561781177777951
ecuador_2m_brazil_2m_europe_2m,373,11.554377864099388
ecuador_2m_brazil_2m_europe_2m,374,6.075310293448977
ecuador_2m_brazil_2m_europe_2m,375,5.1353351156518725
ecuador_2m_brazil_2m_europe_2m,376,6.8861720750084405
ecuador_2m_brazil_2m_europe_2m,377,7.023891147270444
ecuador_2m_brazil_2m_europe_2m,378,6.567002705147652
ecuador_2m_brazil_2m_europe_2m,379,6.039572052059294
ecuador_2m_brazil_2m_europe_2m,380,5.615057761722458
ecuador_2m_brazil_2m_europe_2m,381,5.496223107777178
ecuador_2m_brazil_2m_europe_2m,382,5.570908346036222
ecuador_2m_brazil_2m_europe_2m,383,5.716782679359655
ecuador_2m_brazil_2m_europe_2m,384,5.187387370217945
ecuador_2m_brazil_2m_europe_2m,385,4.669218248928289
ecuador_2m_brazil_2m_europe_2m,386,7.330772920293903
ecuador_2m_brazil_2m_europe_2m,387,4.115145760569043
ecuador_2m_brazil_2m_europe_2m,388,4.527008881062236
ecuador_2m_brazil_2m_europe_2m,389,4.679079848669739
ecuador_2m_brazil_2m_europe_2m,390,5.552244759434435
ecuador_2m_brazil_2m_europe_2m,391,7.147917616355919
ecuador_2m_brazil_2m_europe_2m,392,5.947348473613024
ecuador_2m_brazil_2m_europe_2m,393,7.415039822442287
ecuador_2m_brazil_2m_europe_2m,394,4.773506642768711
ecuador_2m_brazil_2m_europe_2m,395,5.568557364938619
ecuador_2m_brazil_2m_europe_2m,396,8.022975060688252
ecuador_2m_brazil_2m_europe_2m,397,5.336866501264478
ecuador_2m_brazil_2m_europe_2m,398,6.4038598004719995
ecuador_2m_brazil_2m_europe_2m,399,6.086025775518362
ecuador_2m_brazil_2m_europe_2m,400,7.348502633657929
ecuador_2m_brazil_2m_europe_2m,401,4.732404464199097
ecuador_2m_brazil_2m_europe_2m,402,7.47206552781455
ecuador_2m_brazil_2m_europe_2m,403,5.828019539463941
ecuador_2m_brazil_2m_europe_2m,404,4.084913520877632
ecuador_2m_brazil_2m_europe_2m,405,5.42595480082569
ecuador_2m_brazil_2m_europe_2m,406,6.7024312308962175
ecuador_2m_brazil_2m_europe_2m,407,4.830821995960926
ecuador_2m_brazil_2m_europe_2m,408,8.508535715486643
ecuador_2m_brazil_2m_europe_2m,409,8.390862995203316
ecuador_2m_brazil_2m_europe_2m,410,5.834700913580244
ecuador_2m_brazil_2m_europe_2m,411,4.479583651746849
ecuador_2m_brazil_2m_europe_2m,412,5.91458133484738
ecuador_2m_brazil_2m_europe_2m,413,5.645060946448127
ecuador_2m_brazil_2m_europe_2m,414,3.91218712158083
ecuador_2m_brazil_2m_europe_2m,415,5.005060369270111
ecuador_2m_brazil_2m_europe_2m,416,4.357736687668196
ecuador_2m_brazil_2m_europe_2m,417,7.372196332947358
ecuador_2m_brazil_2m_europe_2m,418,4.472106636368085
ecuador_2m_brazil_2m_europe_2m,419,4.073256045229231
ecuador_2m_brazil_2m_europe_2m,420,7.615953701380196
ecuador_2m_brazil_2m_europe_2m,421,4.5894615583834515
ecuador_2m_brazil_2m_europe_2m,422,5.542906998940019
ecuador_2m_brazil_2m_europe_2m,423,8.406668115900704
ecuador_2m_brazil_2m_europe_2m,424,7.238255176983272
ecuador_2m_brazil_2m_europe_2m,425,3.7652076974989113
ecuador_2m_brazil_2m_europe_2m,426,5.3410746160495055
ecuador_2m_brazil_2m_europe_2m,427,4.659488077858189
ecuador_2m_brazil_2m_europe_2m,428,3.382361390084237
ecuador_2m_brazil_2m_europe_2m,429,4.732938906658252
ecuador_2m_brazil_2m_europe_2m,430,7.556996323451018
ecuador_2m_brazil_2m_europe_2m,431,7.589457712261042
ecuador_2m_brazil_2m_europe_2m,432,7.7150189177048345
ecuador_2m_brazil_2m_europe_2m,433,5.339815252576487
ecuador_2m_brazil_2m_europe_2m,434,4.907360776424317
ecuador_2m_brazil_2m_europe_2m,435,5.32823735210572
ecuador_2m_brazil_2m_europe_2m,436,7.972715421641733
ecuador_2m_brazil_2m_europe_2m,437,7.245337145218476
ecuador_2m_brazil_2m_europe_2m,438,5.8666992012448205
ecuador_2m_brazil_2m_europe_2m,439,6.426848761771783
ecuador_2m_brazil_2m_europe_2m,440,5.283632561350215
ecuador_2m_brazil_2m_europe_2m,441,3.175016803230469
ecuador_2m_brazil_2m_europe_2m,442,4.235764704630656
ecuador_2m_brazil_2m_europe_2m,443,6.926404893924801
ecuador_2m_brazil_2m_europe_2m,444,7.263049262923281
ecuador_2m_brazil_2m_europe_2m,445,5.833196660839901
ecuador_2m_brazil_2m_europe_2m,446,5.765781992859986
ecuador_2m_brazil_2m_europe_2m,447,4.245280959112339
ecuador_2m_brazil_2m_europe_2m,448,5.338159575893242
ecuador_2m_brazil_2m_europe_2m,449,3.290632991595262
ecuador_2m_brazil_2m_europe_2m,450,6.128165811718655
ecuador_2m_brazil_2m_europe_2m,451,7.888324129371895
ecuador_2m_brazil_2m_europe_2m,452,5.5434265983705355
ecuador_2m_brazil_2m_europe_2m,453,8.528795043964628
ecuador_2m_brazil_2m_europe_2m,454,5.29439437305175
ecuador_2m_brazil_2m_europe_2m,455,6.9348083034354575
ecuador_2m_brazil_2m_europe_2m,456,5.6693946517003315
ecuador_2m_brazil_2m_europe_2m,457,6.8802980696087594
ecuador_2m_brazil_2m_europe_2m,458,4.255689188529976
ecuador_2m_brazil_2m_europe_2m,459,7.158497797209119
ecuador_2m_brazil_2m_europe_2m,460,4.18874966263349
ecuador_2m_brazil_2m_europe_2m,461,6.217072472688667
ecuador_2m_brazil_2m_europe_2m,462,5.767815447887943
ecuador_2m_brazil_2m_europe_2m,463,6.076062847576811
ecuador_2m_brazil_2m_europe_2m,464,4.874801103582465
ecuador_2m_brazil_2m_europe_2m,465,4.865613627996244
ecuador_2m_brazil_2m_europe_2m,466,6.2149893872418485
ecuador_2m_brazil_2m_europe_2m,467,4.230186003276865
ecuador_2m_brazil_2m_europe_2m,468,9.038633511659887
ecuador_2m_brazil_2m_europe_2m,469,4.742200331964386
ecuador_2m_brazil_2m_europe_2m,470,6.9367816951748456
ecuador_2m_brazil_2m_europe_2m,471,5.681141196313854
ecuador_2m_brazil_2m_europe_2m,472,6.8205983143221545
ecuador_2m_brazil_2m_europe_2m,473,5.000098632042798
ecuador_2m_brazil_2m_europe_2m,474,3.560222962907813
ecuador_2m_brazil_2m_europe_2m,475,4.562206854344414
ecuador_2m_brazil_2m_europe_2m,476,7.14896749420859
ecuador_2m_brazil_2m_europe_2m,477,6.1142416146385195
ecuador_2m_brazil_2m_europe_2m,478,4.38022143255842
ecuador_2m_brazil_2m_europe_2m,479,5.928867210100066
ecuador_2m_brazil_2m_europe_2m,480,4.1141855901226485
ecuador_2m_brazil_2m_europe_2m,481,6.298091826676366
ecuador_2m_brazil_2m_europe_2m,482,5.073278641672489
ecuador_2m_brazil_2m_europe_2m,483,3.8809979630267435
ecuador_2m_brazil_2m_europe_2m,484,4.432290811668874
ecuador_2m_brazil_2m_europe_2m,485,5.703604636980509
ecuador_2m_brazil_2m_europe_2m,486,5.446354458547085
ecuador_2m_brazil_2m_europe_2m,487,5.357438163232091
ecuador_2m_brazil_2m_europe_2m,488,7.153214006708041
ecuador_2m_brazil_2m_europe_2m,489,4.166412057565933
ecuador_2m_brazil_2m_europe_2m,490,4.562484984293752
ecuador_2m_brazil_2m_europe_2m,491,3.871426204538305
ecuador_2m_brazil_2m_europe_2m,492,4.161782472149565
ecuador_2m_brazil_2m_europe_2m,493,6.632374710529668
ecuador_2m_brazil_2m_europe_2m,494,3.7814044717764848
ecuador_2m_brazil_2m_europe_2m,495,4.374029293657522
ecuador_2m_brazil_2m_europe_2m,496,5.4132901818523935
ecuador_2m_brazil_2m_europe_2m,497,4.575260076468735
ecuador_2m_brazil_2m_europe_2m,498,6.70364476574757
ecuador_2m_brazil_2m_europe_2m,499,5.159794650440628
